,split0_test_score,split1_test_score,split2_test_score,mean_test_score,std_test_score,rank_test_score,split0_train_score,split1_train_score,split2_train_score,mean_train_score,std_train_score,mean_fit_time,std_fit_time,mean_score_time,std_score_time,param_betaa1,param_betaa2,param_decay,param_drop_end,param_drop_middle,param_loss_mu,param_lr,param_n_conv2,param_n_conv3,param_n_resid,params
0,0.9427581430470309,0.9475359152584644,0.9558801723507161,0.9487246639668365,0.005422578363282222,1,0.9544504650394732,0.9572729988767705,0.9676115932421794,0.9597783523861411,0.005657527201124974,6161.870477199554,444.53538777939866,16.808826128641766,0.03333332369058868,100,100,0.1,0.0,0.3,0.5141028746767724,0.00089642917758777,64,64,4,"{'betaa1': 100, 'betaa2': 100, 'decay': 0.1, 'drop_end': 0.0, 'drop_middle': 0.3, 'loss_mu': 0.5141028746767724, 'lr': 0.00089642917758777, 'n_conv2': 64, 'n_conv3': 64, 'n_resid': 4}"
1,0.9439958386584244,0.9449891556981167,0.9502220255031216,0.9464022974693145,0.002731183991714238,1,0.9558378380490956,0.9521924189344272,0.959558276851703,0.955862844611742,0.003007150889741023,5605.298753817876,3.444143017135268,16.75866977373759,0.13050507034926656,10,100,0.1,0.0,0.3,0.5315105319216414,0.0006524515878824658,64,64,4,"{'betaa1': 10, 'betaa2': 100, 'decay': 0.1, 'drop_end': 0.0, 'drop_middle': 0.3, 'loss_mu': 0.5315105319216414, 'lr': 0.0006524515878824658, 'n_conv2': 64, 'n_conv3': 64, 'n_resid': 4}"
2,0.950941020235651,0.9398102268680808,0.9474787490741483,0.9460766497981513,0.0046510462863266645,1,0.9627109845459032,0.9475924982576098,0.9560307485439783,0.9554447437824972,0.006185989982624051,5494.159369071324,391.71274175630685,15.583003520965576,0.10806950292161978,50,140,0.04111099706664924,0.2739274162022035,0.6795868638427212,0.5618250275383873,0.0011648670869462067,54,32,4,"{'betaa1': 50, 'betaa2': 140, 'decay': 0.04111099706664924, 'drop_end': 0.2739274162022035, 'drop_middle': 0.6795868638427212, 'loss_mu': 0.5618250275383873, 'lr': 0.0011648670869462067, 'n_conv2': 54, 'n_conv3': 32, 'n_resid': 4}"
3,0.9490762297075177,0.9417934244381707,0.9456108996368185,0.9454935166219411,0.0029743676484821117,1,0.960609085139697,0.9509438061601032,0.9532252893683979,0.9549260602227326,0.00412503499480594,5789.0277988910675,253.58165827557522,16.76897660891215,0.04827311378365564,100,100,0.09710613753555301,0.0,0.3,0.5981458675640993,0.000818335971183672,64,64,4,"{'betaa1': 100, 'betaa2': 100, 'decay': 0.09710613753555301, 'drop_end': 0.0, 'drop_middle': 0.3, 'loss_mu': 0.5981458675640993, 'lr': 0.000818335971183672, 'n_conv2': 64, 'n_conv3': 64, 'n_resid': 4}"
4,0.9474827625506074,0.941047481509989,0.947384352914684,0.9453048425296271,0.003010702025985109,1,0.9601486164697924,0.9492988666487472,0.9560684789175502,0.9551719873453632,0.0044745234866645864,5798.848638137181,282.2782091924757,16.73059932390849,0.018129362523972067,100,100,0.1,0.4,0.3,0.534493970577127,0.001152894582384234,64,64,4,"{'betaa1': 100, 'betaa2': 100, 'decay': 0.1, 'drop_end': 0.4, 'drop_middle': 0.3, 'loss_mu': 0.534493970577127, 'lr': 0.001152894582384234, 'n_conv2': 64, 'n_conv3': 64, 'n_resid': 4}"
5,0.9441807879854973,0.9448137957465754,0.9446344632599533,0.9445430146468959,0.00026639287767909385,1,0.9532291780393759,0.953423964863519,0.9531257423311622,0.9532596284113524,0.0001236381509795207,5838.086271524429,522.2276038770499,16.449156602223713,0.09493799729266819,100,100,0.0027610881723504352,0.09539417754338328,0.8,0.37021666115110224,0.0007957620555063427,59,64,4,"{'betaa1': 100, 'betaa2': 100, 'decay': 0.0027610881723504352, 'drop_end': 0.09539417754338328, 'drop_middle': 0.8, 'loss_mu': 0.37021666115110224, 'lr': 0.0007957620555063427, 'n_conv2': 59, 'n_conv3': 64, 'n_resid': 4}"
6,0.9428953795578666,0.9485323815340683,0.9402091803715833,0.9438790213046665,0.003468380842276639,1,0.9577453657250292,0.9581861887449745,0.9502229900389316,0.9553848481696452,0.0036544188552981717,4857.0090755621595,534.3639958350772,13.560914198557535,0.11117057826079942,79,100,0.0001,0.4,0.8,0.5862015314233333,0.0005217819911485753,32,64,4,"{'betaa1': 79, 'betaa2': 100, 'decay': 0.0001, 'drop_end': 0.4, 'drop_middle': 0.8, 'loss_mu': 0.5862015314233333, 'lr': 0.0005217819911485753, 'n_conv2': 32, 'n_conv3': 64, 'n_resid': 4}"
7,0.9473756183657289,0.942599429249857,0.9412656333305948,0.94374692124619,0.0026230386024150994,1,0.9591605150023235,0.9533169333144609,0.9535870451523389,0.9553548311563743,0.0026932832816383002,5602.526601791382,3.5633956165482616,16.823407570521038,0.05154964670875888,100,100,0.0001,0.4,0.3,1.621877588305755,0.0006558214865543904,64,64,4,"{'betaa1': 100, 'betaa2': 100, 'decay': 0.0001, 'drop_end': 0.4, 'drop_middle': 0.3, 'loss_mu': 1.621877588305755, 'lr': 0.0006558214865543904, 'n_conv2': 64, 'n_conv3': 64, 'n_resid': 4}"
8,0.9457034830819038,0.9443845248708487,0.9411284187518991,0.9437388379352419,0.0019227520614505853,1,0.9585530500464625,0.9519468792484693,0.9497117319412187,0.9534038870787169,0.003753609846763505,4401.6132663885755,186.69676474938325,13.619672854741415,0.06233458289858106,100,100,0.1,0.0,0.3,1.3229640037199089,0.0009356742708973184,32,64,4,"{'betaa1': 100, 'betaa2': 100, 'decay': 0.1, 'drop_end': 0.0, 'drop_middle': 0.3, 'loss_mu': 1.3229640037199089, 'lr': 0.0009356742708973184, 'n_conv2': 32, 'n_conv3': 64, 'n_resid': 4}"
9,0.9379894942580433,0.9442071072982982,0.9430918396499922,0.9417627989535436,0.0027067204202707133,1,0.9543359605385424,0.953863915380855,0.9519453794811589,0.9533817518001855,0.001033789384376187,5966.596892356873,250.6992468752659,16.805679162343342,0.04307005313811421,100,100,0.0004822305719458053,0.0,0.3,2.0,0.0007593518673368684,64,64,4,"{'betaa1': 100, 'betaa2': 100, 'decay': 0.0004822305719458053, 'drop_end': 0.0, 'drop_middle': 0.3, 'loss_mu': 2.0, 'lr': 0.0007593518673368684, 'n_conv2': 64, 'n_conv3': 64, 'n_resid': 4}"
10,0.9389067153741093,0.9433488728379154,0.9407870861224523,0.9410142273044761,0.0018206114629120368,1,0.9498029147552918,0.9509486492304827,0.9478890066201497,0.9495468568686415,0.0012621482894198523,4558.713294029236,202.5847968711827,13.568946917851767,0.050382931969516015,10,100,0.1,0.25202163491181373,0.3,0.8380630240322271,0.0009682824561607244,32,64,4,"{'betaa1': 10, 'betaa2': 100, 'decay': 0.1, 'drop_end': 0.25202163491181373, 'drop_middle': 0.3, 'loss_mu': 0.8380630240322271, 'lr': 0.0009682824561607244, 'n_conv2': 32, 'n_conv3': 64, 'n_resid': 4}"
11,0.9443807079034409,0.9305289892864813,0.9474249611761268,0.940778145527915,0.0073530979303165715,1,0.9565298851363716,0.9375350781045053,0.9584167771493698,0.950827246796749,0.00943049669156666,5981.635014772415,516.3863295949018,16.82446312904358,0.029477195922484087,10,100,0.1,0.4,0.7399798513207066,1.607896789341351,0.000918246575793902,64,64,4,"{'betaa1': 10, 'betaa2': 100, 'decay': 0.1, 'drop_end': 0.4, 'drop_middle': 0.7399798513207066, 'loss_mu': 1.607896789341351, 'lr': 0.000918246575793902, 'n_conv2': 64, 'n_conv3': 64, 'n_resid': 4}"
12,0.9423617844037452,0.9401277052523049,0.9397875699819236,0.9407590306841371,0.0011418025506176618,1,0.9529683694441673,0.9481737083639739,0.9493295311453515,0.9501572029844976,0.002043032749528182,5610.452036380768,13.012460717470553,16.665987253189087,0.03829114353964276,100,100,0.1,0.0,0.3,0.6974924097886682,0.0005393910844295027,64,64,4,"{'betaa1': 100, 'betaa2': 100, 'decay': 0.1, 'drop_end': 0.0, 'drop_middle': 0.3, 'loss_mu': 0.6974924097886682, 'lr': 0.0005393910844295027, 'n_conv2': 64, 'n_conv3': 64, 'n_resid': 4}"
13,0.9448999906753769,0.9327047600247258,0.9396611105188886,0.939088614038891,0.004995139781676496,1,0.9553737269127589,0.9415195189741682,0.947244366361297,0.9480458707494082,0.005684281037184818,5607.165386915207,5.3197165497607175,16.821289936701458,0.03423433015272421,10,100,0.0003739581604891135,0.0,0.8,0.8906882080384837,0.00030626161582113573,64,64,4,"{'betaa1': 10, 'betaa2': 100, 'decay': 0.0003739581604891135, 'drop_end': 0.0, 'drop_middle': 0.8, 'loss_mu': 0.8906882080384837, 'lr': 0.00030626161582113573, 'n_conv2': 64, 'n_conv3': 64, 'n_resid': 4}"
14,0.9387865386572664,0.9312524409666196,0.9453392128491251,0.9384593209712409,0.005755537305808267,1,0.9486207368926663,0.9400163965716438,0.9553664037684231,0.9480011790775777,0.006281908900431024,4895.224364678065,225.28051289595737,15.022858063379923,0.18363780099718302,46,100,0.0001,0.14126342234041986,0.3360670583423511,1.3913255675891456,0.0004838672510053802,40,58,4,"{'betaa1': 46, 'betaa2': 100, 'decay': 0.0001, 'drop_end': 0.14126342234041986, 'drop_middle': 0.3360670583423511, 'loss_mu': 1.3913255675891456, 'lr': 0.0004838672510053802, 'n_conv2': 40, 'n_conv3': 58, 'n_resid': 4}"
15,0.9347574872761557,0.9420318282257667,0.9378598688803318,0.9382163987594933,0.0029804348883555364,1,0.9434886253612005,0.9480193893330469,0.9425156158815049,0.9446745435252507,0.002398288552328206,4402.690603892009,198.12615990109958,13.57401172320048,0.10815565728421549,100,100,0.1,0.0,0.8,0.5185501445621062,0.0009470383663584211,32,64,4,"{'betaa1': 100, 'betaa2': 100, 'decay': 0.1, 'drop_end': 0.0, 'drop_middle': 0.8, 'loss_mu': 0.5185501445621062, 'lr': 0.0009470383663584211, 'n_conv2': 32, 'n_conv3': 64, 'n_resid': 4}"
16,0.9322475376595927,0.9479750563233804,0.9331813886402166,0.9378013789256733,0.0072040311473765255,1,0.941225217639769,0.9580294533864604,0.9396950805903596,0.9463165838721963,0.00830577365616339,4149.560945272446,189.65559721942307,13.288013617197672,0.16668200712013678,10,100,0.0001,0.14194487251934187,0.3,0.9584030538477266,0.0007945745715567034,40,40,4,"{'betaa1': 10, 'betaa2': 100, 'decay': 0.0001, 'drop_end': 0.14194487251934187, 'drop_middle': 0.3, 'loss_mu': 0.9584030538477266, 'lr': 0.0007945745715567034, 'n_conv2': 40, 'n_conv3': 40, 'n_resid': 4}"
17,0.942007538927254,0.9362034778220044,0.9350608654293908,0.9377573240501916,0.0030413659063556414,1,0.9530710211624371,0.9436908172204677,0.9438153177985187,0.9468590520604745,0.004392819534292124,4261.419441620509,6.528237532293234,13.624637603759766,0.09924572605563944,68,100,0.0001,0.1496832037443254,0.8,2.0,0.0008423395473967257,32,64,4,"{'betaa1': 68, 'betaa2': 100, 'decay': 0.0001, 'drop_end': 0.1496832037443254, 'drop_middle': 0.8, 'loss_mu': 2.0, 'lr': 0.0008423395473967257, 'n_conv2': 32, 'n_conv3': 64, 'n_resid': 4}"
18,0.9361964655412518,0.945198005459702,0.9212872261533189,0.934227376308127,0.009860310328952881,1,0.9445872935280515,0.9531868792608207,0.9235408125472448,0.9404383284453722,0.01245345337217527,4532.824507554372,217.4325192366482,13.675548156102499,0.009430851899822254,100,100,0.0001,0.0,0.8,1.2645514977813073,0.0007282381574507336,32,64,4,"{'betaa1': 100, 'betaa2': 100, 'decay': 0.0001, 'drop_end': 0.0, 'drop_middle': 0.8, 'loss_mu': 1.2645514977813073, 'lr': 0.0007282381574507336, 'n_conv2': 32, 'n_conv3': 64, 'n_resid': 4}"
19,0.9383206097937795,0.9097552524955415,0.9457968855235049,0.9312907545970354,0.01553088939668942,1,0.9460149164070321,0.9142756625274943,0.9542422126829575,0.9381775972058279,0.01723173355621273,5436.132334073384,250.81281673280014,16.15891496340434,0.10074071949431511,93,108,0.04818696656019371,0.14582554805712986,0.47963050847955657,0.5313971640705498,0.002142438092666634,58,46,4,"{'betaa1': 93, 'betaa2': 108, 'decay': 0.04818696656019371, 'drop_end': 0.14582554805712986, 'drop_middle': 0.47963050847955657, 'loss_mu': 0.5313971640705498, 'lr': 0.002142438092666634, 'n_conv2': 58, 'n_conv3': 46, 'n_resid': 4}"
20,0.9191122763842645,0.926376742048444,0.9436151345455359,0.9297012295723838,0.01027573131291817,1,0.925268806454738,0.9316029264854093,0.9509865728020634,0.9359527685807368,0.010940497281952639,4056.879093170166,195.95697073190175,12.581290562947592,0.10843941956478066,45,656,0.0028117474108451473,0.13988115122973335,0.7044132644795205,0.2703995381804613,0.0014256156612601385,41,47,3,"{'betaa1': 45, 'betaa2': 656, 'decay': 0.0028117474108451473, 'drop_end': 0.13988115122973335, 'drop_middle': 0.7044132644795205, 'loss_mu': 0.2703995381804613, 'lr': 0.0014256156612601385, 'n_conv2': 41, 'n_conv3': 47, 'n_resid': 3}"
21,0.9238117230623525,0.9251466534343035,0.940013755115345,0.9296572620166674,0.007343275499801831,1,0.932172607506037,0.9318836891697557,0.9484777602969227,0.9375113523242384,0.007755318446879893,4270.5426780382795,10.33853462155878,13.77947187423706,0.20602481232081796,100,100,0.1,0.4,0.3,0.8808791226823062,0.0003837241297672798,32,64,4,"{'betaa1': 100, 'betaa2': 100, 'decay': 0.1, 'drop_end': 0.4, 'drop_middle': 0.3, 'loss_mu': 0.8808791226823062, 'lr': 0.0003837241297672798, 'n_conv2': 32, 'n_conv3': 64, 'n_resid': 4}"
22,0.9180493814971443,0.9364793957035054,0.930165888283753,0.9282315336471239,0.007647374392127458,1,0.9251322391900697,0.94121472596098,0.9337189383672974,0.9333553011727824,0.006570680796338237,4000.1712583700814,186.2296202780141,12.395401159922281,0.07163020844440522,10,100,0.0001,0.4,0.3,0.42594477797826286,0.0011611736756340463,32,50,4,"{'betaa1': 10, 'betaa2': 100, 'decay': 0.0001, 'drop_end': 0.4, 'drop_middle': 0.3, 'loss_mu': 0.42594477797826286, 'lr': 0.0011611736756340463, 'n_conv2': 32, 'n_conv3': 50, 'n_resid': 4}"
23,0.9261530883700011,0.9407777954914008,0.9157765808507158,0.9275692860652585,0.01025568302113763,1,0.9361144471468509,0.9499254803101723,0.9254943368638839,0.9371780881069691,0.010002289457662872,4750.540653387706,421.7594721837283,14.527156352996826,0.12062199088701157,52,390,0.0015616130999770753,0.1751921065651848,0.31386835363086746,1.7737783209130313,0.0003764090589815163,38,55,4,"{'betaa1': 52, 'betaa2': 390, 'decay': 0.0015616130999770753, 'drop_end': 0.1751921065651848, 'drop_middle': 0.31386835363086746, 'loss_mu': 1.7737783209130313, 'lr': 0.0003764090589815163, 'n_conv2': 38, 'n_conv3': 55, 'n_resid': 4}"
24,0.9204357048957927,0.9249572170933976,0.9366132142264108,0.9273352755471347,0.006815131714517531,1,0.928923301640159,0.9312741821764061,0.9420194944853302,0.9340723261006317,0.005700863900906527,4224.83936882019,216.20398952403153,13.365190585454306,0.02957292036280352,33,226,0.00016929830539984397,0.3172240066239311,0.3835245598225051,0.509762762147657,0.000353065006382485,41,33,4,"{'betaa1': 33, 'betaa2': 226, 'decay': 0.00016929830539984397, 'drop_end': 0.3172240066239311, 'drop_middle': 0.3835245598225051, 'loss_mu': 0.509762762147657, 'lr': 0.000353065006382485, 'n_conv2': 41, 'n_conv3': 33, 'n_resid': 4}"
25,0.9247543778495714,0.9289335242143519,0.9257607210343866,0.9264828823981504,0.001780915377701274,1,0.936425628222523,0.9392066486826871,0.9360185536280103,0.9372169435110734,0.001416715081643435,5620.389075358708,6.874554255210473,16.812066952387493,0.057270886730174206,10,100,0.1,0.4,0.8,2.0,0.0007417854343114987,64,64,4,"{'betaa1': 10, 'betaa2': 100, 'decay': 0.1, 'drop_end': 0.4, 'drop_middle': 0.8, 'loss_mu': 2.0, 'lr': 0.0007417854343114987, 'n_conv2': 64, 'n_conv3': 64, 'n_resid': 4}"
26,0.9228071698428282,0.9267807511398348,0.9265996791905459,0.9253958533351709,0.0018319829395204903,1,0.9313073592940628,0.932544635635861,0.9327260003662088,0.9321926650987109,0.0006303692394997092,4326.59081196785,1.7426633032573482,13.725499232610067,0.15099890779081926,33,583,0.0732118579192088,0.12532562458724128,0.48503540325412486,0.5960731931644129,0.0002309531154735886,44,58,3,"{'betaa1': 33, 'betaa2': 583, 'decay': 0.0732118579192088, 'drop_end': 0.12532562458724128, 'drop_middle': 0.48503540325412486, 'loss_mu': 0.5960731931644129, 'lr': 0.0002309531154735886, 'n_conv2': 44, 'n_conv3': 58, 'n_resid': 3}"
27,0.9275919691226993,0.9380436424611851,0.907545218990614,0.9243937975853221,0.012654604410140257,1,0.9339513850686573,0.9453341772966006,0.90864801728426,0.929311193216506,0.015332256181687525,5991.861800114314,255.05684335742032,16.83347487449646,0.06725410738219895,53,100,0.1,0.0,0.8,0.01,0.0010679298631292376,64,64,4,"{'betaa1': 53, 'betaa2': 100, 'decay': 0.1, 'drop_end': 0.0, 'drop_middle': 0.8, 'loss_mu': 0.01, 'lr': 0.0010679298631292376, 'n_conv2': 64, 'n_conv3': 64, 'n_resid': 4}"
28,0.9453102399597275,0.8990964462525177,0.9282121531496144,0.9242062352325328,0.019078255561962514,1,0.9540779810076337,0.9028940329780291,0.9356551736504137,0.9308757292120254,0.02116729317963681,6219.736636161804,1023.8730523258762,16.706186056137085,0.08666496055162648,75,100,0.0005090070196018995,0.396523732749295,0.31592818029914027,0.9242258877746441,0.003,60,64,4,"{'betaa1': 75, 'betaa2': 100, 'decay': 0.0005090070196018995, 'drop_end': 0.396523732749295, 'drop_middle': 0.31592818029914027, 'loss_mu': 0.9242258877746441, 'lr': 0.003, 'n_conv2': 60, 'n_conv3': 64, 'n_resid': 4}"
29,0.933185070608118,0.9223792318436149,0.9163996063445337,0.923988053999241,0.006946405537230113,1,0.9408518026870322,0.9262409895793692,0.9185112600560477,0.928534684107483,0.009263575163075844,5599.604545434316,2.600744975896606,16.65832002957662,0.059407614884954184,100,1500,0.0001,0.4,0.7538068765677182,0.6206177957388096,0.001471833122826159,64,64,4,"{'betaa1': 100, 'betaa2': 1500, 'decay': 0.0001, 'drop_end': 0.4, 'drop_middle': 0.7538068765677182, 'loss_mu': 0.6206177957388096, 'lr': 0.001471833122826159, 'n_conv2': 64, 'n_conv3': 64, 'n_resid': 4}"
30,0.9083208401668192,0.9270112341927934,0.928202814801767,0.9211782182579247,0.009104620114760136,1,0.9156395028231195,0.9330257978945279,0.9347119338944614,0.9277924115373696,0.008620930201752799,4886.03404434522,405.55202319330857,12.880868593851725,0.2509185307514673,91,100,0.08710070011962896,0.24238341146272357,0.6084560759398578,2.0,0.0005166418060672691,56,53,2,"{'betaa1': 91, 'betaa2': 100, 'decay': 0.08710070011962896, 'drop_end': 0.24238341146272357, 'drop_middle': 0.6084560759398578, 'loss_mu': 2.0, 'lr': 0.0005166418060672691, 'n_conv2': 56, 'n_conv3': 53, 'n_resid': 2}"
31,0.9441917142496696,0.8867845369658252,0.9293141126907861,0.9200966854503837,0.024325895148161112,1,0.9548870330998235,0.8931320848421922,0.9338482227135466,0.9272891135518541,0.025634414931519023,5146.0068343480425,9.172150125149301,16.029494206110638,0.11811355884972896,48,1319,0.017268190869606685,0.021055797217002598,0.4620902489340166,0.6956431613369563,0.0007102741876705338,53,60,4,"{'betaa1': 48, 'betaa2': 1319, 'decay': 0.017268190869606685, 'drop_end': 0.021055797217002598, 'drop_middle': 0.4620902489340166, 'loss_mu': 0.6956431613369563, 'lr': 0.0007102741876705338, 'n_conv2': 53, 'n_conv3': 60, 'n_resid': 4}"
32,0.9164397419090611,0.9195259531277867,0.9192035228998564,0.9183897302610431,0.0013851302410796884,1,0.9230003158929013,0.92564753609306,0.9221467048329737,0.9235981856063118,0.001490422987736375,3468.1609541575112,5.600796682171264,11.45474886894226,0.05319994143325236,60,1500,0.1,0.0,0.8,1.746144081575627,0.0007204517919492802,32,38,4,"{'betaa1': 60, 'betaa2': 1500, 'decay': 0.1, 'drop_end': 0.0, 'drop_middle': 0.8, 'loss_mu': 1.746144081575627, 'lr': 0.0007204517919492802, 'n_conv2': 32, 'n_conv3': 38, 'n_resid': 4}"
33,0.9061836268151782,0.9157512707407645,0.9277736425679011,0.9165693887582892,0.008833026780398536,1,0.9146076720694559,0.9230298464440484,0.9336394966933523,0.9237590050689523,0.00778679828743886,5161.306517203649,4.288963922127939,15.153340895970663,0.06352184511690118,47,610,0.0010722483561034337,0.16084161526935323,0.5318994796541727,0.7980437224483699,0.00013071152110113123,63,63,3,"{'betaa1': 47, 'betaa2': 610, 'decay': 0.0010722483561034337, 'drop_end': 0.16084161526935323, 'drop_middle': 0.5318994796541727, 'loss_mu': 0.7980437224483699, 'lr': 0.00013071152110113123, 'n_conv2': 63, 'n_conv3': 63, 'n_resid': 3}"
34,0.919039022633237,0.8900124256217328,0.9314651826377809,0.9135053438773993,0.017369455192780547,1,0.9241191499106503,0.8922969783794115,0.9344129959726852,0.9169430414209158,0.017926928241643766,4279.932542721431,22.552509178391485,13.607796827952066,0.024984116904860326,100,100,0.1,0.4,0.3,0.01,0.003,32,64,4,"{'betaa1': 100, 'betaa2': 100, 'decay': 0.1, 'drop_end': 0.4, 'drop_middle': 0.3, 'loss_mu': 0.01, 'lr': 0.003, 'n_conv2': 32, 'n_conv3': 64, 'n_resid': 4}"
35,0.8969202244979179,0.9204564673646434,0.923105772070749,0.913494047740596,0.01176936259664687,1,0.9004022148026987,0.9264013592318102,0.9255904806829889,0.9174646849058327,0.012069529002699012,3613.617057005564,292.2387524337684,10.519699732462565,0.11389375571492279,10,1500,0.1,0.36485023254911253,0.3,0.01,0.0007869571293817918,32,32,4,"{'betaa1': 10, 'betaa2': 1500, 'decay': 0.1, 'drop_end': 0.36485023254911253, 'drop_middle': 0.3, 'loss_mu': 0.01, 'lr': 0.0007869571293817918, 'n_conv2': 32, 'n_conv3': 32, 'n_resid': 4}"
36,0.8970362837537642,0.9115934283469129,0.9164476212217094,0.9083590211441647,0.008248056540773483,1,0.9014308110215591,0.918915464250024,0.918892139588123,0.913079471619902,0.008236852404954365,4268.663948933284,14.379022331090118,13.549715439478556,0.01779918630816665,86,100,0.0001,0.0243422465687895,0.8,0.01,0.00020936654237571105,32,64,4,"{'betaa1': 86, 'betaa2': 100, 'decay': 0.0001, 'drop_end': 0.0243422465687895, 'drop_middle': 0.8, 'loss_mu': 0.01, 'lr': 0.00020936654237571105, 'n_conv2': 32, 'n_conv3': 64, 'n_resid': 4}"
37,0.8946711717394444,0.9150383603735136,0.9082502815006767,0.9059865793604548,0.008467580487261879,1,0.9013734021819539,0.9222445601959572,0.9139680226011382,0.9125286616596832,0.008581185976744447,4576.550293763478,201.390315713853,11.874989112218222,0.0289088678198413,100,1500,0.0022018000968736713,0.0,0.5026644643532512,2.0,0.0011654923171393829,64,64,1,"{'betaa1': 100, 'betaa2': 1500, 'decay': 0.0022018000968736713, 'drop_end': 0.0, 'drop_middle': 0.5026644643532512, 'loss_mu': 2.0, 'lr': 0.0011654923171393829, 'n_conv2': 64, 'n_conv3': 64, 'n_resid': 1}"
38,0.904323494941849,0.8959854806198282,0.9174193613212669,0.9059093176102561,0.008821879178159317,1,0.9100092403220571,0.9008076829826435,0.9208275903134902,0.9105481712060636,0.008181972348084302,4447.125532786052,214.80419006871398,11.966109991073608,0.11096307226126488,100,100,0.1,0.0,0.8,1.0476453166934412,0.0004891105808326266,64,32,1,"{'betaa1': 100, 'betaa2': 100, 'decay': 0.1, 'drop_end': 0.0, 'drop_middle': 0.8, 'loss_mu': 1.0476453166934412, 'lr': 0.0004891105808326266, 'n_conv2': 64, 'n_conv3': 32, 'n_resid': 1}"
39,0.893281081314979,0.9022372879522601,0.9140714231732794,0.9031964765264786,0.00851465486599371,1,0.8989953730561082,0.9060548927283621,0.916990023999389,0.9073467632612865,0.007402862633153368,5231.687785863876,235.14123517253114,15.690351883570353,0.12481086621842287,14,322,0.0006554020988813765,0.08773922871572284,0.6442882557670112,1.3606961835853262,0.0016457568730511905,45,62,4,"{'betaa1': 14, 'betaa2': 322, 'decay': 0.0006554020988813765, 'drop_end': 0.08773922871572284, 'drop_middle': 0.6442882557670112, 'loss_mu': 1.3606961835853262, 'lr': 0.0016457568730511905, 'n_conv2': 45, 'n_conv3': 62, 'n_resid': 4}"
40,0.9176251952533404,0.905885946583716,0.8810526489251134,0.9015214912466306,0.015246256757853481,1,0.9270892145783842,0.9141151446115452,0.8910843132757453,0.9107628908218915,0.014888842210547629,5156.850921233495,927.6091867437702,11.968420267105103,0.06794817833345332,100,956,0.0001,0.2862866135960635,0.757848154014156,0.01,0.0007758632781548332,64,64,1,"{'betaa1': 100, 'betaa2': 956, 'decay': 0.0001, 'drop_end': 0.2862866135960635, 'drop_middle': 0.757848154014156, 'loss_mu': 0.01, 'lr': 0.0007758632781548332, 'n_conv2': 64, 'n_conv3': 64, 'n_resid': 1}"
41,0.914987248425632,0.8895196487441812,0.8971602986000541,0.9005557696885107,0.010670772895635562,1,0.9226392847107527,0.8945489662830501,0.8983993081938674,0.9051958530625567,0.01243412680104003,5967.463133573532,268.4113121677582,16.75120997428894,0.07452300636518659,10,100,0.0001,0.0,0.3,0.01,0.003,64,64,4,"{'betaa1': 10, 'betaa2': 100, 'decay': 0.0001, 'drop_end': 0.0, 'drop_middle': 0.3, 'loss_mu': 0.01, 'lr': 0.003, 'n_conv2': 64, 'n_conv3': 64, 'n_resid': 4}"
42,0.8812948963839358,0.9073552600671935,0.9017058786274578,0.8967852902982641,0.011193631030212696,1,0.8882044450401025,0.9134625162183736,0.904918801944822,0.9021952544010995,0.010489862513520371,3697.636641263962,9.234648059311507,10.934557517369589,0.06820788185599237,47,100,0.00023123534393771643,0.10669542603108487,0.5971328654813408,0.6370002267646759,0.003,48,64,1,"{'betaa1': 47, 'betaa2': 100, 'decay': 0.00023123534393771643, 'drop_end': 0.10669542603108487, 'drop_middle': 0.5971328654813408, 'loss_mu': 0.6370002267646759, 'lr': 0.003, 'n_conv2': 48, 'n_conv3': 64, 'n_resid': 1}"
43,0.8469875921568342,0.8659111370765237,0.8755578172152496,0.8628187071288476,0.011866922290501502,1,0.8485993814565317,0.8707371723380759,0.8746525045629193,0.864663019452509,0.011470623518567714,3336.532621304194,9.46231852087052,10.757273117701212,0.0891342151983795,88,1342,0.09516190625620376,0.22762422322314185,0.6251319536381905,1.5822996079825236,0.00014156022849573134,38,35,2,"{'betaa1': 88, 'betaa2': 1342, 'decay': 0.09516190625620376, 'drop_end': 0.22762422322314185, 'drop_middle': 0.6251319536381905, 'loss_mu': 1.5822996079825236, 'lr': 0.00014156022849573134, 'n_conv2': 38, 'n_conv3': 35, 'n_resid': 2}"
44,0.8114615267881793,0.858896697223281,0.8932823414532838,0.8545464243250056,0.03354445818748885,1,0.8209455406500497,0.8683118821605362,0.9014025597634724,0.863553327524686,0.033018336954094625,4866.614394903183,207.85706437588965,11.88160753250122,0.0623149925356812,100,1500,0.0001,0.4,0.8,2.0,0.003,64,32,1,"{'betaa1': 100, 'betaa2': 1500, 'decay': 0.0001, 'drop_end': 0.4, 'drop_middle': 0.8, 'loss_mu': 2.0, 'lr': 0.003, 'n_conv2': 64, 'n_conv3': 32, 'n_resid': 1}"
45,0.7831434364709775,0.7541671361049922,0.7700189316646215,0.7691098246355632,0.011847043692839794,1,0.7868332739918946,0.7570650434999987,0.7679713203139994,0.7706232126019642,0.012296646865030214,5646.057556629181,269.45373884527066,16.410419305165608,0.05968883742764312,10,357,0.04576586650867309,0.3848845751352721,0.5961485629081853,0.27667984592931205,2.4361769758605228e-05,61,36,4,"{'betaa1': 10, 'betaa2': 357, 'decay': 0.04576586650867309, 'drop_end': 0.3848845751352721, 'drop_middle': 0.5961485629081853, 'loss_mu': 0.27667984592931205, 'lr': 2.4361769758605228e-05, 'n_conv2': 61, 'n_conv3': 36, 'n_resid': 4}"
46,0.7399265951047558,0.7183199610502422,0.73860424411007,0.7322835297878963,0.009888563403296793,1,0.737997791922082,0.722179656436153,0.7384379999872708,0.7328718161151686,0.007562634229611599,3691.5255068937936,3.279354810722694,11.447428623835245,0.08536500728333805,77,1383,0.0007220626189766878,0.16426837366868463,0.4119541708420714,0.3139944123196694,2.0365260784218502e-05,41,50,2,"{'betaa1': 77, 'betaa2': 1383, 'decay': 0.0007220626189766878, 'drop_end': 0.16426837366868463, 'drop_middle': 0.4119541708420714, 'loss_mu': 0.3139944123196694, 'lr': 2.0365260784218502e-05, 'n_conv2': 41, 'n_conv3': 50, 'n_resid': 2}"
47,0.7464947230556485,0.7342444677466677,0.7001008610557917,0.7269469825415301,0.01963050770767754,1,0.7422894529315429,0.7368514688872557,0.700412288157168,0.7265177366586556,0.018592359518797733,4365.7372577985125,7.320550401962515,13.653327941894531,0.07046949292753799,86,193,0.04298266932701473,0.0031934368403444334,0.6482528201843378,0.9697172236823511,1.9664784527979412e-05,51,38,3,"{'betaa1': 86, 'betaa2': 193, 'decay': 0.04298266932701473, 'drop_end': 0.0031934368403444334, 'drop_middle': 0.6482528201843378, 'loss_mu': 0.9697172236823511, 'lr': 1.9664784527979412e-05, 'n_conv2': 51, 'n_conv3': 38, 'n_resid': 3}"
48,0.6349135680578639,0.6270131467724174,0.632909450037444,0.6316120405258171,0.0033532818883102284,1,0.6320825147905241,0.628427631138252,0.6361198576584586,0.6322100011957449,0.003141631932311572,3815.671434481939,1.3720368959897542,11.947001059850058,0.2035003836454657,64,1212,0.00049296276775633,0.2907937482607274,0.6210580478395662,1.9214311994044526,2.778797056982939e-05,46,50,2,"{'betaa1': 64, 'betaa2': 1212, 'decay': 0.00049296276775633, 'drop_end': 0.2907937482607274, 'drop_middle': 0.6210580478395662, 'loss_mu': 1.9214311994044526, 'lr': 2.778797056982939e-05, 'n_conv2': 46, 'n_conv3': 50, 'n_resid': 2}"
49,0.5773871455500522,0.5677853839829323,0.5748384411615686,0.5733369735318443,0.004061154188725593,1,0.574409937850441,0.5689612020719034,0.5753000101099017,0.572890383344082,0.002802011927049928,5522.038151741028,14.49868271294751,16.56976882616679,0.036294863701158545,39,878,0.034513974787167674,0.22460333020004222,0.5269346749559163,1.9880308921823087,2.2850890874676943e-05,62,61,4,"{'betaa1': 39, 'betaa2': 878, 'decay': 0.034513974787167674, 'drop_end': 0.22460333020004222, 'drop_middle': 0.5269346749559163, 'loss_mu': 1.9880308921823087, 'lr': 2.2850890874676943e-05, 'n_conv2': 62, 'n_conv3': 61, 'n_resid': 4}"
